{
  "version": 2,
  "slug": "lego-mini",
  "title": "Mobile-GS Lego",
  "binary": "lego-mini.bin",
  "splatCount": 100000,
  "bounds": {
    "min": [
      -1.3365511894226074,
      -1.3340990543365479,
      -1.3270920515060425
    ],
    "max": [
      1.327884316444397,
      1.3304569721221924,
      1.3313157558441162
    ],
    "center": [
      -0.004333436489105225,
      -0.0018210411071777344,
      0.0021118521690368652
    ],
    "radius": 2.30576491355896
  },
  "camera": {
    "yaw": 0.001465393920119451,
    "pitch": 0.7471282617372714,
    "distance": 4.030818462371826,
    "fovY": 0.6911112070083618
  },
  "render": {
    "alphaScale": 1.0,
    "sortIntervalMs": 120,
    "backgroundTop": [
      0.05,
      0.09,
      0.17,
      1.0
    ],
    "backgroundBottom": [
      0.7,
      0.82,
      0.92,
      1.0
    ]
  }
}