{
  "version": 6,
  "slug": "lego-mini",
  "title": "Mobile-GS Lego (corrected 55k)",
  "binary": "lego-mini.bin",
  "splatCount": 197151,
  "shDegree": 1,
  "shCoefficientsPerChannel": 4,
  "bounds": {
    "min": [
      -0.6451894640922546,
      -1.1554901599884033,
      -0.4207474887371063
    ],
    "max": [
      0.6796137690544128,
      1.1640024185180664,
      1.0011488199234009
    ],
    "center": [
      0.0172121524810791,
      0.004256129264831543,
      0.2902006506919861
    ],
    "radius": 1.51302170753479
  },
  "camera": {
    "yaw": -0.006448605326898302,
    "pitch": 0.7972183996061746,
    "distance": 3.820164203643799,
    "fovY": 0.6911112070083618
  },
  "render": {
    "alphaScale": 1.0,
    "sortIntervalMs": 120,
    "backgroundTop": [
      1.0,
      1.0,
      1.0,
      1.0
    ],
    "backgroundBottom": [
      1.0,
      1.0,
      1.0,
      1.0
    ]
  },
  "opacityPhi": {
    "binary": "lego-mini-opacity-phi.bin",
    "inputDim": 22,
    "hiddenDims": [
      256,
      128,
      64
    ],
    "format": "linear_relu_relu_linear_heads_v1",
    "shLayout": "coeff-major-rgb"
  }
}