{
  "version": 5,
  "slug": "lego-mini",
  "title": "Mobile-GS Lego (_ms 60k fine-tune, SH3, 29.3 dB)",
  "binary": "lego-mini.bin",
  "splatCount": 210707,
  "bounds": {
    "min": [
      -0.6456040143966675,
      -1.196291208267212,
      -0.4152553379535675
    ],
    "max": [
      0.6852449178695679,
      1.1824893951416016,
      1.0123834609985352
    ],
    "center": [
      0.019820451736450195,
      -0.006900906562805176,
      0.298564076423645
    ],
    "radius": 1.5384984016418457
  },
  "camera": {
    "yaw": 0.9,
    "pitch": 0.45,
    "distance": 4.000095844268799,
    "fovY": 0.8028514559173916
  },
  "render": {
    "alphaScale": 1.0,
    "sortIntervalMs": 120,
    "backgroundTop": [
      1.0,
      1.0,
      1.0,
      1.0
    ],
    "backgroundBottom": [
      1.0,
      1.0,
      1.0,
      1.0
    ]
  }
}