{
  "version": 6,
  "slug": "lego-mini",
  "title": "Mobile-GS Lego (transition smoke, corrected path)",
  "binary": "lego-mini.bin",
  "splatCount": 194526,
  "shDegree": 1,
  "shCoefficientsPerChannel": 4,
  "bounds": {
    "min": [
      -0.6571191549301147,
      -1.1948506832122803,
      -0.414040207862854
    ],
    "max": [
      0.6832162141799927,
      1.179477572441101,
      1.016113519668579
    ],
    "center": [
      0.013048529624938965,
      -0.0076865553855896,
      0.30103665590286255
    ],
    "radius": 1.5394214391708374
  },
  "camera": {
    "yaw": -0.0049086429129491455,
    "pitch": 0.8014352471790552,
    "distance": 3.8211545944213867,
    "fovY": 0.6911112070083618
  },
  "render": {
    "alphaScale": 1.0,
    "sortIntervalMs": 120,
    "backgroundTop": [
      1.0,
      1.0,
      1.0,
      1.0
    ],
    "backgroundBottom": [
      1.0,
      1.0,
      1.0,
      1.0
    ]
  },
  "opacityPhi": {
    "binary": "lego-mini-opacity-phi.bin",
    "inputDim": 22,
    "hiddenDims": [
      256,
      128,
      64
    ],
    "format": "linear_relu_relu_linear_heads_v1",
    "shLayout": "coeff-major-rgb"
  }
}