{
  "version": 4,
  "slug": "lego-mini",
  "title": "Mobile-GS Lego (pretrain 30k, SH3, white bg)",
  "binary": "lego-mini.bin",
  "splatCount": 210707,
  "bounds": {
    "min": [
      -0.6456040143966675,
      -1.196291208267212,
      -0.4152553379535675
    ],
    "max": [
      0.6852449178695679,
      1.1824893951416016,
      1.0123834609985352
    ],
    "center": [
      0.019820451736450195,
      -0.006900906562805176,
      0.298564076423645
    ],
    "radius": 1.5384984016418457
  },
  "camera": {
    "yaw": -0.007449122528482456,
    "pitch": 0.8008197556491323,
    "distance": 3.8223400115966797,
    "fovY": 0.6911112070083618
  },
  "render": {
    "alphaScale": 1.0,
    "sortIntervalMs": 120,
    "backgroundTop": [
      1.0,
      1.0,
      1.0,
      1.0
    ],
    "backgroundBottom": [
      1.0,
      1.0,
      1.0,
      1.0
    ]
  }
}