{
  "version": 3,
  "slug": "lego-mini",
  "title": "Mobile-GS Lego (pretrain 30k, SH3)",
  "binary": "lego-mini.bin",
  "splatCount": 222899,
  "bounds": {
    "min": [
      -1.56143057346344,
      -1.2951668500900269,
      -2.1508491039276123
    ],
    "max": [
      1.8528096675872803,
      1.8014628887176514,
      1.0084973573684692
    ],
    "center": [
      0.14568954706192017,
      0.25314801931381226,
      -0.5711758732795715
    ],
    "radius": 2.794084072113037
  },
  "camera": {
    "yaw": -0.041242959673151655,
    "pitch": 0.6127518863248332,
    "distance": 4.319286823272705,
    "fovY": 0.6911112070083618
  },
  "render": {
    "alphaScale": 1.0,
    "sortIntervalMs": 120,
    "backgroundTop": [
      0.05,
      0.09,
      0.17,
      1.0
    ],
    "backgroundBottom": [
      0.7,
      0.82,
      0.92,
      1.0
    ]
  }
}