{
  "version": 2,
  "slug": "lego-mini",
  "title": "Mobile-GS Lego (full 60k)",
  "binary": "lego-mini.bin",
  "splatCount": 203721,
  "bounds": {
    "min": [
      -1.5620704889297485,
      -1.2920798063278198,
      -2.150397539138794
    ],
    "max": [
      1.8512053489685059,
      1.8036057949066162,
      1.003371000289917
    ],
    "center": [
      0.14456743001937866,
      0.2557629942893982,
      -0.5735132694244385
    ],
    "radius": 2.7919516563415527
  },
  "camera": {
    "yaw": -0.04089860953558016,
    "pitch": 0.6119518874432053,
    "distance": 4.319656848907471,
    "fovY": 0.6911112070083618
  },
  "render": {
    "alphaScale": 1.0,
    "sortIntervalMs": 120,
    "backgroundTop": [
      0.05,
      0.09,
      0.17,
      1.0
    ],
    "backgroundBottom": [
      0.7,
      0.82,
      0.92,
      1.0
    ]
  }
}