{
  "version": 1,
  "slug": "lego-mini",
  "title": "Mobile-GS Lego Mini",
  "binary": "lego-mini.bin",
  "splatCount": 20000,
  "bounds": {
    "min": [
      -0.6507363319396973,
      -1.1274302005767822,
      -0.5548312067985535
    ],
    "max": [
      0.6297220587730408,
      1.1451002359390259,
      0.9932530522346497
    ],
    "center": [
      -0.010507136583328247,
      0.008835017681121826,
      0.2192109227180481
    ],
    "radius": 1.516619086265564
  },
  "camera": {
    "yaw": 0.003834589611986419,
    "pitch": 0.7832630729839897,
    "distance": 3.8668406009674072,
    "fovY": 0.6911112070083618
  },
  "render": {
    "pointScale": 0.8085980480085752,
    "alphaScale": 1.0,
    "sortIntervalMs": 120,
    "backgroundTop": [
      0.05,
      0.09,
      0.17,
      1.0
    ],
    "backgroundBottom": [
      0.7,
      0.82,
      0.92,
      1.0
    ]
  }
}